‹æ•ª,No,–¼Ì,—X•Ö”Ô†,ZŠ,“d˜b”Ô†,FAX,E-MAIL,URL,•W‚(m),ˆÜ“x,Œo“x,ŠJİ–ÊÏi‡uj,ƒgƒCƒŒ,’“Ôê,h”‘‰Â”\l”,ôŠÔiôj,¼¬Ü°—L–³,‘äŠ—L–³,”ğ“ïêŠ,û—el”,‰c‹ÆŠÔ,“üŒû
¬‹K–ÍĞŠQ‚Ì”ğ“ïŠi©¡‰ï––±Šj,1,’‡ŠÔ©¡‰ï,901-2103,‰Y“Ys’‡ŠÔ2-35-2,098-876-1649,,,http://www.city.urasoe.lg.jp/article.php/s20100907095817339,103.3,26.247764,127.727319,,,,20,12,–³,—L,,,,
¬‹K–ÍĞŠQ‚Ì”ğ“ïŠi©¡‰ï––±Šj,2,ˆÀ”g’ƒ©¡‰ï,901-2114,‰Y“YsˆÀ”g’ƒ2-7-1,098-879-5692,,,http://www.city.urasoe.lg.jp/article.php/s20100907102217733,97.6,26.248214,127.725323,,,,50,–³,–³,—L,,,,
¬‹K–ÍĞŠQ‚Ì”ğ“ïŠi©¡‰ï––±Šj,3,ˆÉ‘c©¡‰ï,901-2132,‰Y“YsˆÉ‘c3-35-6,098-878-9624,,,http://blog.livedoor.jp/isojichi/,35.2,26.256204,127.721787,,,,50,20,—L,—L,,,,
¬‹K–ÍĞŠQ‚Ì”ğ“ïŠi©¡‰ï––±Šj,4,–q`©¡‰ï,901-2131,‰Y“Ys–q`1-4-6,098-879-6373,098-879-6373,,http://www.city.urasoe.lg.jp/article.php/s20100907103205614,10.9,26.263046,127.723664,,,,100,22,–³,—L,,,,
¬‹K–ÍĞŠQ‚Ì”ğ“ïŠi©¡‰ï––±Šj,5,`ì©¡‰ï,901-2134,‰Y“Ys`ì326,098-876-5855,098-876-5855,,http://www.minatogawa.org/,8.5,26.266760,127.712777,,,,10,–³,–³,—L,,,,
¬‹K–ÍĞŠQ‚Ì”ğ“ïŠi©¡‰ï––±Šj,6,éŠÔ©¡‰ï,901-2133,‰Y“YséŠÔ1-9-1,098-877-2072,,,http://www.city.urasoe.lg.jp/article.php/s20110316101558980,35.18,26.255726,127.70966,,,,100,20,–³,—L,,,,
¬‹K–ÍĞŠQ‚Ì”ğ“ïŠi©¡‰ï––±Šj,7,‰®•x‘c©¡‰ï,901-2127,‰Y“Ys‰®•x‘c3-1-1,098-877-2981,,,http://www.city.urasoe.lg.jp/article.php/s20100903114758174,38.2,26.252803,127.708512,,,,50,–³,–³,—L,,,,
¬‹K–ÍĞŠQ‚Ì”ğ“ïŠi©¡‰ï––±Šj,8,‹{é©¡‰ï,901-2126,‰Y“Ys‹{é2-22-3,098-875-1254,,,http://www.city.urasoe.lg.jp/article.php/s20100907094959438,34.2,26.248457,127.704664,,,,20`30,24,–³,—L,,,,
¬‹K–ÍĞŠQ‚Ì”ğ“ïŠi©¡‰ï––±Šj,9,’‡¼©¡‰ï,901-2125,‰Y“Ys’‡¼1-3-11,098-876-2083,,,http://www.city.urasoe.lg.jp/article.php/s20100908114511219,28.6,26.247914,127.698534,,,,50,—L,–³,—L,,,,
¬‹K–ÍĞŠQ‚Ì”ğ“ïŠi©¡‰ï––±Šj,10,¬˜p©¡‰ï,901-2126,‰Y“Ys‹{é6-13-1,098-877-3681,,,http://www.city.urasoe.lg.jp/article.php/s20100908114713851,30.2,26.243944,127.706903,,,,50,35,–³,—L,,,,
¬‹K–ÍĞŠQ‚Ì”ğ“ïŠi©¡‰ï––±Šj,11,¨—‹q©¡‰ï,901-2122,‰Y“Ys¨—‹q2-19-20,098-878-8538,,,http://www.city.urasoe.lg.jp/article.php/s20100915094745786,12.6,26.242737,127.69322,,,,60,13,–³,—L,,,,
¬‹K–ÍĞŠQ‚Ì”ğ“ïŠi©¡‰ï––±Šj,12,“àŠÔ©¡‰ï,901-2121,‰Y“Ys“àŠÔ3-15-1,098-877-3251,,,http://www.city.urasoe.lg.jp/article.php/s20100908151509467,12.1,26.237619,127.700975,,,,60`80,27,–³,—L,,,,
¬‹K–ÍĞŠQ‚Ì”ğ“ïŠi©¡‰ï––±Šj,13,‘ò›¬©¡‰ï,901-2112,‰Y“Ys‘ò›¬1-31-1,098-878-9692,,,http://www.city.urasoe.lg.jp/article.php/s20120618115542439,74.7,26.236439,127.713122,,,,100,,–³,—L,,,,
¬‹K–ÍĞŠQ‚Ì”ğ“ïŠi©¡‰ï––±Šj,14,Œo’Ë©¡‰ï,901-2111,‰Y“YsŒo’Ë1-17-1,098-876-0104,,,http://www.city.urasoe.lg.jp/article.php/s20100915155355702,93.5,26.240278,127.722493,,,,20`30,48,—L,—L,,,,
¬‹K–ÍĞŠQ‚Ì”ğ“ïŠi©¡‰ï––±Šj,15,‘O“c©¡‰ï,901-2102,‰Y“Ys‘O“c1-28-7,098-879-8216,098-879-8216,,http://www.city.urasoe.lg.jp/article.php/s20110809133320623,92.8,26.242056,127.733945,,,,20`60,6,–³,—L,,,,
¬‹K–ÍĞŠQ‚Ì”ğ“ïŠi©¡‰ï––±Šj,16,¼Œ´ˆê‹æ©¡‰ï,901-2101,‰Y“Ys¼Œ´4-11-8,098-876-0484,,,http://www.city.urasoe.lg.jp/article.php/s20110216155725383,90,26.250097,127.743861,,,,100,6,–³,—L,,,,
¬‹K–ÍĞŠQ‚Ì”ğ“ïŠi©¡‰ï––±Šj,17,¼Œ´“ñ‹æ©¡‰ï,901-2101,‰Y“Ys¼Œ´4-11-8,098-876-0484,,,http://www.city.urasoe.lg.jp/article.php/s20110216155725383,90,26.250097,127.743861,,,,100,6,–³,—L,,,,
¬‹K–ÍĞŠQ‚Ì”ğ“ïŠi©¡‰ï––±Šj,18,“–R©¡‰ï,901-2104,‰Y“Ys“–R2-37-6,090-9784-2677,,,http://www.city.urasoe.lg.jp/article.php/s20101202164628652,63.6,26.252544,127.731606,,,,10,–³,–³,—L,,,,
¬‹K–ÍĞŠQ‚Ì”ğ“ïŠi©¡‰ï––±Šj,19,‘å•½©¡‰ï,901-2113,‰Y“Ys‘å•½1-15-5,090-9783-6150,,,http://www.city.urasoe.lg.jp/article.php/s20110310085744490,41.4,26.249296,127.714776,,,,25,6,–³,—L,,,,
¬‹K–ÍĞŠQ‚Ì”ğ“ïŠi©¡‰ï––±Šj,20,L‰h©¡‰ï,901-2101,‰Y“Ys¼Œ´3-8-2,098-876-6519,,,http://www.city.urasoe.lg.jp/images/library/File/siminbu/seikatu/jitikai/koei.pdf,72.5,26.255844,127.742397,,,,15,–³,–³,—L,,,,
¬‹K–ÍĞŠQ‚Ì”ğ“ïŠi©¡‰ï––±Šj,21,’ƒR©¡‰ï,901-2103,‰Y“Ys’‡ŠÔ3-4-1,098-878-5245,,,http://www.city.urasoe.lg.jp/article.php/s20120618102735843,85.4,26.244361,127.726984,,,,20,12,–³,—L,,,,
¬‹K–ÍĞŠQ‚Ì”ğ“ïŠi©¡‰ï––±Šj,22,—Îƒ–‹u©¡‰ï,901-2134,‰Y“Ys`ì1-6-8,098-878-4272,,,http://www.city.urasoe.lg.jp/article.php/s20101104145429391,35.1,26.258829,127.718834,,,,15,–³,–³,—L,,,,
¬‹K–ÍĞŠQ‚Ì”ğ“ïŠi©¡‰ï––±Šj,23,‰Y“Yƒjƒ…[ƒ^ƒEƒ“©¡‰ï,901-2114,‰Y“YsˆÀ”g’ƒ1-13-9,098-877-7636,,,http://www.city.urasoe.lg.jp/article.php/s20110304093403645,69.8,26.245169,127.718863,,,,20,–³,–³,—L,,,,
¬‹K–ÍĞŠQ‚Ì”ğ“ïŠi©¡‰ï––±Šj,24,‰Y“YƒOƒŠ[ƒ“ƒnƒCƒc©¡‰ï,901-2102,‰Y“Ysš‘O“c862-219,098-874-5977,,,http://www.city.urasoe.lg.jp/article.php/s20101020155526470,87.6,26.239605,127.729132,,,,50,15,—L,—L,,,,
¬‹K–ÍĞŠQ‚Ì”ğ“ïŠi©¡‰ï––±Šj,25,ó–ì‰Y©¡‰ï,901-2132,‰Y“YsˆÉ‘c1-25-2,098-878-8378,,,http://www.city.urasoe.lg.jp/article.php/s20101006170832134,43,26.25268,127.719243,,,,20`30,–³,–³,—L,,,,
¬‹K–ÍĞŠQ‚Ì”ğ“ïŠi©¡‰ï––±Šj,26,‘O“cŒö–±ˆõhÉ©¡‰ï,901-2102,‰Y“Ys‘O“c1-55-23,098-877-9271,,,http://www.city.urasoe.lg.jp/article.php/s20120618111727589,117.1,26.241281,127.737536,,,,30,6,–³,—L,,,,
¬‹K–ÍĞŠQ‚Ì”ğ“ïŠi©¡‰ï––±Šj,27,`ìèŒ´©¡‰ï,901-2134,‰Y“Ysš`ì577-4,098-877-7457,,,http://www.city.urasoe.lg.jp/images/library/File/siminbu/seikatu/jitikai/Msakihara.pdf,8.5,26.270011,127.708832,,,,10,–³,–³,–³,,,,
¬‹K–ÍĞŠQ‚Ì”ğ“ïŠi©¡‰ï––±Šj,28,ã–ì©¡‰ï,901-2131,‰Y“Ys–q`5-19-2,098-876-0344,,,http://www.city.urasoe.lg.jp/article.php/s20120625093210129,2.2,26.268859,127.723642,,,,50,8,–³,—L,,,,
¬‹K–ÍĞŠQ‚Ì”ğ“ïŠi©¡‰ï––±Šj,29,ƒ}ƒ`ƒiƒgƒ^ƒEƒ“©¡‰ï,901-2131,‰Y“Ys–q`4-1-15,098-876-5623,,,http://www.city.urasoe.lg.jp/images/library/File/siminbu/seikatu/jitikai/machinato.pdf,4.8,26.263237,127.72805,,,,30,–³,–³,—L,,,,
¬‹K–ÍĞŠQ‚Ì”ğ“ïŠi©¡‰ï––±Šj,30,_X©¡‰ï ,901-2125,‰Y“Ys’‡¼3-11-6,098-876-1694,,,http://www.city.urasoe.lg.jp/article.php/s20120618151006565,11.9,26.244876,127.699072,,,,20,8,–³,—L,,,,
¬‹K–ÍĞŠQ‚Ì”ğ“ïŠi©¡‰ï––±Šj,31,‰Y¼©¡‰ï,901-2101,‰Y“Ys¼Œ´6-22-1,098-876-0767,,,http://www.city.urasoe.lg.jp/article.php/s20110323164759293,80.7,26.24615,127.745441,,,,30,–³,–³,—L,,,,
¬‹K–ÍĞŠQ‚Ì”ğ“ïŠi©¡‰ï––±Šj,32,Œ§‰cŒo’Ë’c’n©¡‰ï,901-2111,‰Y“YsšŒo’Ë560,098-878-6111,,,http://www.city.urasoe.lg.jp/article.php/s20101208170938974,74.8,26.234977,127.720101,,,,20,8,–³,—L,,,,
¬‹K–ÍĞŠQ‚Ì”ğ“ïŠi©¡‰ï––±Šj,33,‰Y“YsŠX’nZ‘î©¡‰ï,901-2131,‰Y“Ys–q`1-59-1,098-875-1996,,,http://www.city.urasoe.lg.jp/images/library/File/siminbu/seikatu/jitikai/urasigai.pdf,12.2,26.266364,127.71935,,,,20,8,–³,—L,,,,
¬‹K–ÍĞŠQ‚Ì”ğ“ïŠi©¡‰ï––±Šj,34,Œ§‰c‘ò›¬‚‘wZ‘î©¡‰ï,901-2112,‰Y“Ys‘ò›¬2-18-1,098-878-8699,098-878-8699,,http://www.city.urasoe.lg.jp/article.php/s20110519112119491,23,26.23548,127.70785,,,,30,8,–³,—L,,,,
¬‹K–ÍĞŠQ‚Ì”ğ“ïŠi©¡‰ï––±Šj,35,—zŒ}‹´©¡‰ï,901-2101,‰Y“Ys¼Œ´5-12-6-103,098-875-9011,098-875-9011,,http://www.city.urasoe.lg.jp/article.php/s20121226133331114,65.9,26.247692,127.74023,,,,5,–³,—L,—L,,,,
û—e”ğ“ïŠ,1,‰Y“Y¬ŠwZ,901-2103,‰Y“Ys’‡ŠÔ2-47-1,098-877-2064,098-870-4755,e-ura0@urasoe.ed.jp,http://www.urasoe.ed.jp/e01/,101.3,26.246078,127.729481,,,,,,,,,,,
û—e”ğ“ïŠ,2,’‡¼¬ŠwZ,901-2127,‰Y“Ys‰®•x‘c2-32-1,098-877-2067,098-877-2810,e-naka0@urasoe.ed.jp,http://www.urasoe.ed.jp/e02/,40.9,26.250152,127.707694,,,,,,,,,,,
û—e”ğ“ïŠ,3,_X¬ŠwZ,901-2122,‰Y“Ys¨—‹q1-4-1,098-877-6380,098-877-6423,e-kami0@urasoe.ed.jp,http://www.urasoe.ed.jp/e03/,26.1,26.24204,127.699975,,,,,,,,,,,
û—e”ğ“ïŠ,4,‰Yé¬ŠwZ,901-2132,‰Y“YsˆÉ‘c2-13-1,098-877-3335,098-877-3293,e-siro0@urasoe.ed.jp,http://www.urasoe.ed.jp/e04/,34.2,26.253993,127.717657,,,,,,,,,,,
û—e”ğ“ïŠ,5,–q`¬ŠwZ,901-2131,‰Y“Ys–q`2-14-1,098-877-4142,098-877-4241,e-maki0@urasoe.ed.jp,http://www.urasoe.ed.jp/e05/,20.6,26.259151,127.724906,,,,,,,,,,,
û—e”ğ“ïŠ,6,“–R¬ŠwZ,901-2104,‰Y“Ys“–R2-34-1,098-877-7595,098-877-7538,e-tou0@urasoe.ed.jp,http://www.urasoe.ed.jp/e06/,65.5,26.251947,127.733908,,,,,,,,,,,
û—e”ğ“ïŠ,7,“àŠÔ¬ŠwZ,901-2121,‰Y“Ys“àŠÔ4-3-1,098-877-0369,098-877-0698,e-uchi0@urasoe.ed.jp,http://www.urasoe.ed.jp/e07/,25.4,26.239024,127.70437,,,,,,,,,,,
û—e”ğ“ïŠ,8,`ì¬ŠwZ,901-2133,‰Y“YséŠÔ4-37-1,098-879-1974,098-879-1975,e-minato0@urasoe.ed.jp,http://www.urasoe.ed.jp/e08/,31.2,26.261579,127.716116,,,,,,,,,,,
û—e”ğ“ïŠ,9,‹{é¬ŠwZ,901-2126,‰Y“Ys‹{é3-7-3,098-879-5312,098-879-5313,e-miya0@urasoe.ed.jp,http://www.urasoe.ed.jp/e09/,20.6,26.24706,127.706494,,,,,,,,,,,
û—e”ğ“ïŠ,10,‘ò›¬¬ŠwZ,901-2112,‰Y“Ysš‘ò›¬998,098-879-3238,098-879-3256,e-taku0@urasoe.ed.jp,http://www.urasoe.ed.jp/e10/,80.7,26.237151,127.717334,,,,,,,,,,,
û—e”ğ“ïŠ,11,‘O“c¬ŠwZ,901-2102,‰Y“Ysš‘O“c333,098-879-1947,098-870-4756,e-mae0@urasoe.ed.jp,http://www.urasoe.ed.jp/e11/,112.1,26.239112,127.733912,,,,,,,,,,,
û—e”ğ“ïŠ,12,‰Y“Y’†ŠwZ,901-2103,‰Y“Ys’‡ŠÔ2-46-1,098-877-2066,098-877-2808,j-ura0@urasoe.ed.jp,http://www.urasoe.ed.jp/j01/,93.6,26.24591,127.727509,,,,,,,,,,,
û—e”ğ“ïŠ,13,’‡¼’†ŠwZ,901-2127,‰Y“Ys‰®•x‘c2-13-1,098-877-2070,098-877-2826,j-naka0@urasoe.ed.jp,http://www.urasoe.ed.jp/j02/,47.9,26.250284,127.709593,,,,,,,,,,,
û—e”ğ“ïŠ,14,_X’†ŠwZ,901-2121,‰Y“Ys“àŠÔ1-6-1,098-877-5165,098-877-5597,j-kami0@urasoe.ed.jp,http://www.urasoe.ed.jp/j03/,26.7,26.239553,127.70738,,,,,,,,,,,
û—e”ğ“ïŠ,15,`ì’†ŠwZ,901-2134,‰Y“Ys`ì1-1-1,098-876-1323,098-876-1991,j-minato0@urasoe.ed.jp,http://www.urasoe.ed.jp/j04/,33.1,26.261445,127.718276,,,,,,,,,,,
û—e”ğ“ïŠ,16,‰Y¼’†ŠwZ,901-2104,‰Y“Ys“–R3-1-1,098-879-3236,098-879-8519,j-urani0@urasoe.ed.jp,http://www.urasoe.ed.jp/j05/,56.4,26.248479,127.73575,,,,,,,,,,,
û—e”ğ“ïŠ,17,‘å•½“Á•Êx‰‡ŠwZ,901-2113,‰Y“Ys‘å•½1-27-1,098-877-4941,098-876-4148,,http://www.ohira-sh.open.ed.jp/,38.6,26.247999,127.712056,,,,,,,,,,,
ˆê”ğ“ïŠˆê——iŒö‰€j,1,‚Â‚È‚Ğ‚«Œö‰€,901-2101,‰Y“Ys¼Œ´4-9,,,,,,26.251017,127.74401,3495,Z,~,,,,,,,,
ˆê”ğ“ïŠˆê——iŒö‰€j,2,‚¤‚ª‚ñ‚â‚ÜŒö‰€,901-2101,‰Y“Ys¼Œ´4-36,,,,,,26.250664,127.749042,6487,Z,~,,,,,,,,
ˆê”ğ“ïŠˆê——iŒö‰€j,3,‚É‚µ‚Î‚éŒö‰€,901-2101,‰Y“Ys¼Œ´5-13,,,,,,26.248251,127.74065,6190,Z,~,,,,,,,,
ˆê”ğ“ïŠˆê——iŒö‰€j,4,‰Y¼‚³‚­‚çŒö‰€,901-2101,‰Y“Ys¼Œ´5-25,,,,,,26.247522,127.744308,1000,~,~,,,,,,,,
ˆê”ğ“ïŠˆê——iŒö‰€j,5,‰Y¼‚ ‚¶‚³‚¢Œö‰€,901-2101,‰Y“Ys¼Œ´5-27,,,,,,26.24558,127.742932,400,~,~,,,,,,,,
ˆê”ğ“ïŠˆê——iŒö‰€j,6,‰Y¼‚Å‚¢‚²Œö‰€,901-2101,‰Y“Ys¼Œ´5-29,,,,,,26.245937,127.744271,900,~,~,,,,,,,,
ˆê”ğ“ïŠˆê——iŒö‰€j,7,‰Y¼‚µ‚ç‚ä‚èŒö‰€,901-2101,‰Y“Ys¼Œ´5-42,,,,,,26.248246,127.745877,1100,~,~,,,,,,,,
ˆê”ğ“ïŠˆê——iŒö‰€j,8,‰Y¼‚Ğ‚Ü‚í‚èŒö‰€,901-2101,‰Y“Ys¼Œ´6-28,,,,,,26.246449,127.747135,700,~,~,,,,,,,,
ˆê”ğ“ïŠˆê——iŒö‰€j,9,‰Y¼ƒJƒgƒŒƒAŒö‰€,901-2101,‰Y“Ys¼Œ´6-30,,,,,,26.245316,127.745722,700,~,~,,,,,,,,
ˆê”ğ“ïŠˆê——iŒö‰€j,10,‰Y“YséŠÔ“ìŒö‰€,901-2133,‰Y“YséŠÔ2-1,,,,,,26.251542,127.713471,300,~,~,,,,,,,,
ˆê”ğ“ïŠˆê——iŒö‰€j,11,‚·‚İ‚êŒö‰€,901-2133,‰Y“YséŠÔ2-11,,,,,,26.253505,127.7132,1400,Z,~,,,,,,,,
ˆê”ğ“ïŠˆê——iŒö‰€j,12,‚ ‚³‚ª‚¨Œö‰€,901-2133,‰Y“YséŠÔ3-18,,,,,,26.256588,127.711607,1000,~,~,,,,,,,,
ˆê”ğ“ïŠˆê——iŒö‰€j,13,‚¤‚µ‚à[Œö‰€,901-2133,‰Y“YséŠÔ3-21,,,,,,26.256971,127.710587,740,~,~,,,,,,,,
ˆê”ğ“ïŠˆê——iŒö‰€j,14,ò¬Œö‰€,901-2133,‰Y“YséŠÔ4-4,,,,,,26.256021,127.713911,5000,Z,~,,,,,,,,
ˆê”ğ“ïŠˆê——iŒö‰€j,15,‚Ï‚ñ‚¶[Œö‰€,901-2133,‰Y“YséŠÔ4-25,,,,,,26.256661,127.716671,3200,Z,~,,,,,,,,
ˆê”ğ“ïŠˆê——iŒö‰€j,16,‰YéŒö‰€,901-2133,‰Y“YséŠÔ4-33,,,,,,26.260074,127.714603,2800,Z,~,,,,,,,,
ˆê”ğ“ïŠˆê——iŒö‰€j,17,‚Ü‚Â‚ÎŒö‰€,901-2133,‰Y“YséŠÔ4-38,,,,,,26.261142,127.716692,1005,~,~,,,,,,,,
ˆê”ğ“ïŠˆê——iŒö‰€j,18,‰Y“Ys‘O“c“ŒãŒ´Œö‰€,901-2102,‰Y“Ys‘O“c1-46,,,,,,26.238553,127.737267,300,~,~,,,,,,,,
ˆê”ğ“ïŠˆê——iŒö‰€j,19,‰Y“Ys‘O“cRìŒ´Œö‰€,901-2102,‰Y“Ys‘O“c2-11,,,,,,26.24463,127.733198,200,~,~,,,,,,,,
ˆê”ğ“ïŠˆê——iŒö‰€j,20,ƒhƒ‰ƒSƒ“Œö‰€,901-2102,‰Y“Ys‘O“c3-7,,,,,,26.246459,127.738847,1700,Z,~,,,,,,,,
ˆê”ğ“ïŠˆê——iŒö‰€j,21,‚Å‚¢‚²Œö‰€,901-2102,‰Y“Ys‘O“c4-16,,,,,,26.23692,127.736219,637,~,~,,,,,,,,
ˆê”ğ“ïŠˆê——iŒö‰€j,22,ƒOƒŠ[ƒ“ƒnƒCƒcŒö‰€,901-2102,‰Y“Ysš‘O“c824-1,,,,,,26.240834,127.726423,700,Z,~,,,,,,,,
ˆê”ğ“ïŠˆê——iŒö‰€j,23,‰Y“Ys‘O“c‚ ‚è‚ ‚¯ƒnƒCƒcŒö‰€,901-2102,‰Y“Ysš‘O“c990-9,,,,,,26.238613,127.72822,300,~,~,,,,,,,,
ˆê”ğ“ïŠˆê——iŒö‰€j,24,‰Y“Ys‘O“cãŒ´Œö‰€,901-2102,‰Y“Ysš‘O“c1317-9,,,,,,26.23837,127.736068,100,~,~,,,,,,,,
ˆê”ğ“ïŠˆê——iŒö‰€j,25,‚Ğ‚È‚¬‚­Œö‰€,901-2132,‰Y“YsˆÉ‘c1-3,,,,,,26.250209,127.716579,1130,Z,~,,,,,,,,
ˆê”ğ“ïŠˆê——iŒö‰€j,26,ó‚Ì‰YŒö‰€,901-2132,‰Y“YsˆÉ‘c1-13,,,,,,26.251638,127.717341,1800,Z,~,,,,,,,,
ˆê”ğ“ïŠˆê——iŒö‰€j,27,‚ ‚³‚â‚çŒö‰€,901-2132,‰Y“YsˆÉ‘c1-25,,,,,,26.252939,127.719516,2301,Z,~,,,,,,,,
ˆê”ğ“ïŠˆê——iŒö‰€j,28,‚©‚ñ‚ÈŒö‰€,901-2132,‰Y“YsˆÉ‘c2-9,,,,,,26.252944,127.71538,1000,Z,~,,,,,,,,
ˆê”ğ“ïŠˆê——iŒö‰€j,29,‚Ğ‚È‚°‚µŒö‰€,901-2132,‰Y“YsˆÉ‘c2-23,,,,,,26.255181,127.718189,1700,Z,~,,,,,,,,
ˆê”ğ“ïŠˆê——iŒö‰€j,30,‚·‚¸‚ç‚ñŒö‰€,901-2132,‰Y“YsˆÉ‘c3-3,,,,,,26.255766,127.720082,1200,Z,~,,,,,,,,
ˆê”ğ“ïŠˆê——iŒö‰€j,31,‰Y“YsˆÉ‘cŒö‰€,901-2132,‰Y“YsˆÉ‘c3-48,,,,,,26.257753,127.723601,30000,Z,Z,,,,,,,,
ˆê”ğ“ïŠˆê——iŒö‰€j,32,‚Ü‚¦‚Í‚çŒö‰€,901-2132,‰Y“YsˆÉ‘c4-9,,,,,,26.254419,127.721493,2501,Z,~,,,,,,,,
ˆê”ğ“ïŠˆê——iŒö‰€j,33,‰Y“Ys‹{éŒö‰€,901-2126,‰Y“Ys‹{é2-1,,,,,,26.2484,127.708812,23000,Z,~,,,,,,,,
ˆê”ğ“ïŠˆê——iŒö‰€j,34,‚Ğ‚Ü‚í‚èŒö‰€,901-2126,‰Y“Ys‹{é2-22,,,,,,26.24813,127.704536,4000,Z,~,,,,,,,,
ˆê”ğ“ïŠˆê——iŒö‰€j,35,‚¹‚¹‚ç‚¬Œö‰€,901-2126,‰Y“Ys‹{é3-1,,,,,,26.246726,127.707235,1400,~,~,,,,,,,,
ˆê”ğ“ïŠˆê——iŒö‰€j,36,ƒ`ƒ‡ƒ“ƒ_Œö‰€,901-2126,‰Y“Ys‹{é3-12,,,,,,26.245946,127.704231,2500,Z,~,,,,,,,,
ˆê”ğ“ïŠˆê——iŒö‰€j,37,‹{‚Ì‰YŒö‰€,901-2126,‰Y“Ys‹{é3-15,,,,,,26.24694,127.702155,1600,~,~,,,,,,,,
ˆê”ğ“ïŠˆê——iŒö‰€j,38,‘å‹{Œö‰€,901-2126,‰Y“Ys‹{é4-2,,,,,,26.243913,127.705872,5100,Z,~,,,,,,,,
ˆê”ğ“ïŠˆê——iŒö‰€j,39,‹{’‡Œö‰€,901-2126,‰Y“Ys‹{é4-21,,,,,,26.245689,127.70139,1200,~,~,,,,,,,,
ˆê”ğ“ïŠˆê——iŒö‰€j,40,‚Ü‚¿‚È‚ÆŒö‰€,901-2131,‰Y“Ys–q`2-38,,,,,,26.263071,127.724578,2300,Z,~,,,,,,,,
ˆê”ğ“ïŠˆê——iŒö‰€j,41,ˆÀì–kŒö‰€,901-2131,‰Y“Ys–q`3-30,,,,,,26.257401,127.730296,863,~,~,,,,,,,,
ˆê”ğ“ïŠˆê——iŒö‰€j,42,ˆÀì“ìŒö‰€,901-2131,‰Y“Ys–q`3-36,,,,,,26.256283,127.730181,498,~,~,,,,,,,,
ˆê”ğ“ïŠˆê——iŒö‰€j,43,‚¤‚¦‚ÌŒö‰€,901-2131,‰Y“Ys–q`5-19,,,,,,26.268654,127.723634,1147,~,~,,,,,,,,
ˆê”ğ“ïŠˆê——iŒö‰€j,44,‚¤‚¦‚Ì–kŒö‰€,901-2131,‰Y“Ys–q`5-20,,,,,,26.268906,127.723534,300,~,~,,,,,,,,
ˆê”ğ“ïŠˆê——iŒö‰€j,45,‚ß‚¶‚ëŒö‰€,901-2112,‰Y“Ys‘ò›¬1-47,,,,,,26.236653,127.710024,396,~,~,,,,,,,,
ˆê”ğ“ïŠˆê——iŒö‰€j,46,‰Y“Ys‘ò›¬’[ìŒ´i‚Í‚ñ‚ª‚í‚Î‚éj“ŒŒö‰€,901-2112,‰Y“Ys‘ò›¬2-13,,,,,,26.234386,127.711282,200,~,~,,,,,,,,
ˆê”ğ“ïŠˆê——iŒö‰€j,47,‰Y“Ys‘ò›¬‘OŒ´¼Œö‰€,901-2112,‰Y“Ys‘ò›¬2-5,,,,,,26.234085,127.71405,400,~,~,,,,,,,,
ˆê”ğ“ïŠˆê——iŒö‰€j,48,‰Y“Ys‘ò›¬‘OŒ´Œö‰€,901-2112,‰Y“Ys‘ò›¬1-7,,,,,,26.234723,127.717652,200,~,~,,,,,,,,
ˆê”ğ“ïŠˆê——iŒö‰€j,49,‰Y“Ys‘ò›¬’·“cŒ´Œö‰€,901-2112,‰Y“Ysš‘ò›¬974,,,,,,26.236290,127.718286,100,~,~,,,,,,,,
ˆê”ğ“ïŠˆê——iŒö‰€j,50,ƒNƒjƒ“ƒh[‚ÌXŒö‰€,901-2112,‰Y“Ysš‘ò›¬735-1,,,,,,26.235155,127.709829,800,~,Z,,,,,,,,
ˆê”ğ“ïŠˆê——iŒö‰€j,51,‰Y“Ys‘ò›¬—Î’n,901-2112,‰Y“Ysš‘ò›¬391-1,,,,,,26.236241,127.716185,3900,Z,~,,,,,,,,
ˆê”ğ“ïŠˆê——iŒö‰€j,52,‰Y“Ys“àŠÔ“ŒŒ´Œö‰€,901-2121,‰Y“Ys“àŠÔ1-13,,,,,,26.239003,127.706945,100,~,~,,,,,,,,
ˆê”ğ“ïŠˆê——iŒö‰€j,53,‰Y“Ys“àŠÔ“ŒŒö‰€,901-2121,‰Y“Ys“àŠÔ2-19,,,,,,26.235563,127.704665,5100,Z,~,,,,,,,,
ˆê”ğ“ïŠˆê——iŒö‰€j,54,‰Y“Ys“àŠÔ¼Œö‰€,901-2121,‰Y“Ys“àŠÔ3-17,,,,,,26.237444,127.698646,18700,Z,Z,,,,,,,,
ˆê”ğ“ïŠˆê——iŒö‰€j,55,‰Y“Ys“àŠÔŒãŒ´‚È‚©‚æ‚µŒö‰€,901-2121,‰Y“Ys“àŠÔ4-8,,,,,,26.239744,127.702983,800,~,~,,,,,,,,
ˆê”ğ“ïŠˆê——iŒö‰€j,56,‰Y“Ys“àŠÔŒãŒ´i‚­‚µ‚Î‚éjŒö‰€,901-2121,‰Y“Ys“àŠÔ4-18,,,,,,26.240916,127.705137,500,~,~,,,,,,,,
ˆê”ğ“ïŠˆê——iŒö‰€j,57,‰Y“Ys“àŠÔ¼Œ´Œö‰€,901-2121,‰Y“Ys“àŠÔ5-14,,,,,,26.237395,127.698734,200,~,~,,,,,,,,
ˆê”ğ“ïŠˆê——iŒö‰€j,58,ƒjƒ…[ƒ^ƒEƒ“Œö‰€,901-2114,‰Y“YsˆÀ”g’ƒ1-13,,,,,,26.245101,127.719083,400,~,~,,,,,,,,
ˆê”ğ“ïŠˆê——iŒö‰€j,59,˜a‹vŒ´Œö‰€,901-2114,‰Y“YsˆÀ”g’ƒ1-28,,,,,,26.24769,127.718387,500,~,~,,,,,,,,
ˆê”ğ“ïŠˆê——iŒö‰€j,60,‚ ‚¶‚³‚¢Œö‰€,901-2114,‰Y“YsˆÀ”g’ƒ3-26,,,,,,26.242287,127.720823,909,~,~,,,,,,,,
ˆê”ğ“ïŠˆê——iŒö‰€j,61,˜V”NŒ´i‚¨‚¢‚Æ‚µ‚¢‚Î‚éjŒö‰€,901-2114,‰Y“YsˆÀ”g’ƒ3-34,,,,,,26.243641,127.718521,300,~,~,,,,,,,,
ˆê”ğ“ïŠˆê——iŒö‰€j,62,‰Y“Ys‘å•½¬Œö‰€,901-2113,‰Y“Ys‘å•½2-5,,,,,,26.246165,127.71033,2000,~,~,,,,,,,,
ˆê”ğ“ïŠˆê——iŒö‰€j,63,‰Y“Ys‘ò›¬Œ“Œ³Œ´Œö‰€,901-2113,‰Y“Ys‘å•½2-16,,,,,,26.241895,127.708793,100,~,~,,,,,,,,
ˆê”ğ“ïŠˆê——iŒö‰€j,64,‰Y“Ys‘å•½•rƒm•½Œ´Œö‰€,901-2113,‰Y“Ysš‘å•½479-1,,,,,,26.241779,127.711277,400,~,~,,,,,,,,
ˆê”ğ“ïŠˆê——iŒö‰€j,65,‰Y“Ys¨—‹q¬Œö‰€,901-2122,‰Y“Ys¨—‹q1-22,,,,,,26.241616,127.695658,3200,Z,~,,,,,,,,
ˆê”ğ“ïŠˆê——iŒö‰€j,66,‚ä‚¤‚ÈŒö‰€,901-2122,‰Y“Ys¨—‹q2-6,,,,,,26.243593,127.697133,878,~,~,,,,,,,,
ˆê”ğ“ïŠˆê——iŒö‰€j,67,‚Ş‚Â‚«Œö‰€,901-2122,‰Y“Ys¨—‹q3-11,,,,,,26.24139,127.692265,900,Z,~,,,,,,,,
ˆê”ğ“ïŠˆê——iŒö‰€j,68,‘g—xŒö‰€,901-2122,‰Y“Ys¨—‹q4-14,,,,,,26.245677,127.688121,19000,Z,Z,,,,,,,,
ˆê”ğ“ïŠˆê——iŒö‰€j,69,’ƒR‘æ2Œö‰€,901-2103,‰Y“Ys’‡ŠÔ3-4,,,,,,26.244941,127.727952,2380,Z,~,,,,,,,,
ˆê”ğ“ïŠˆê——iŒö‰€j,70,’ƒR‘æ1Œö‰€,901-2103,‰Y“Ys’‡ŠÔ3-14,,,,,,26.243401,127.727265,500,~,~,,,,,,,,
ˆê”ğ“ïŠˆê——iŒö‰€j,71,‰Y“Y•æ’nŒö‰€,901-2103,‰Y“Ys’‡ŠÔ2-54,,,,,,26.251994,127.727496,66000,Z,Z,,,,,,,,
ˆê”ğ“ïŠˆê——iŒö‰€j,72,‰Y“Ys`ìƒTƒ“ƒnƒCƒcŒö‰€,901-2134,‰Y“Ysš`ì281-49,,,,,,26.265103,127.712226,854,~,~,,,,,,,,
ˆê”ğ“ïŠˆê——iŒö‰€j,73,‰Y“Ys`ìŒ´Œö‰€,901-2134,‰Y“Ysš`ì310-23,,,,,,26.26507,127.711743,400,~,~,,,,,,,,
ˆê”ğ“ïŠˆê——iŒö‰€j,74,—[—z‚ª‹uŒö‰€,901-2111,‰Y“YsŒo’Ë1-17,,,,,,26.239963,127.722065,1142,~,~,,,,,,,,
ˆê”ğ“ïŠˆê——iŒö‰€j,75,‰Y“YsŒo’Ëô]—ÇŒ´i‚ ‚ç‚¦‚ç‚Î‚éjŒö‰€,901-2111,‰Y“YsšŒo’Ë253-9,,,,,,26.23762,127.719908,300,~,~,,,,,,,,
ˆê”ğ“ïŠˆê——iŒö‰€j,76,‰Y“Ys“–RƒnƒCƒcŒö‰€,901-2104,‰Y“Ys“–R1-9,,,,,,26.253904,127.731423,200,~,~,,,,,,,,
ˆê”ğ“ïŠˆê——iŒö‰€j,77,‰Y“Ys“–R¨—Œ´Œö‰€,901-2104,‰Y“Ys“–R2-23,,,,,,26.251087,127.734105,200,~,~,,,,,,,,
ˆê”ğ“ïŠˆê——iŒö‰€j,78,‰Y“Ys“–R¬Œö‰€,901-2104,‰Y“Ys“–R2-37,,,,,,26.252323,127.732482,2700,~,~,,,,,,,,
ˆê”ğ“ïŠˆê——iŒö‰€j,79,‚½‚ñ‚Û‚ÛŒö‰€,901-2127,‰Y“Ys‰®•x‘c1-7,,,,,,26.250743,127.712398,1300,Z,~,,,,,,,,
ˆê”ğ“ïŠˆê——iŒö‰€j,80,‚È‚©‚µŒö‰€,901-2127,‰Y“Ys‰®•x‘c3-13,,,,,,26.252492,127.708391,1200,Z,~,,,,,,,,
ˆê”ğ“ïŠˆê——iŒö‰€j,81,’‡‚Ì‰YŒö‰€,901-2125,‰Y“Ys’‡¼2-2,,,,,,26.246969,127.700108,1200,~,~,,,,,,,,
•Ÿƒ”ğ“ïŠ,1,á‘™“¶ƒZƒ“ƒ^[,901-2132,‰Y“YsˆÉ‘c3-44-1,098-877-0047,098-877-0049,,http://www.city.urasoe.okinawa.jp/cgi/jidoc/wakakusa/index.cgi,40.4,26.259482,127.721181,,,,62,3,—L,,,,,
•Ÿƒ”ğ“ïŠ,2,“àŠÔ™“¶ƒZƒ“ƒ^[,901-2121,‰Y“Ys“àŠÔ3-28-12,098-876-1502,098-876-1509,,http://www.city.urasoe.okinawa.jp/cgi/jidoc/utima/index.cgi,13,26.236894,127.702212,,,,44,11,—L,,,,,
•Ÿƒ”ğ“ïŠ,3,¼Œ´™“¶ƒZƒ“ƒ^[,901-2101,‰Y“Ys¼Œ´4-9-1,098-878-1766,098-876-2657,,http://www.city.urasoe.okinawa.jp/cgi/jidoc/nisihara/index.cgi,90,26.250597,127.744044,,,,53,18,—L,,,,,
•Ÿƒ”ğ“ïŠ,4,Œo’Ë™“¶ƒZƒ“ƒ^[,901-2111,‰Y“YsŒo’Ë1-17-1,098-876-4100,098- 874-1515,,http://www.city.urasoe.okinawa.jp/cgi/jidoc/kyouzuka/index.cgi,93.5,26.240278,127.722493,,,,126,92,—L,,,,,
•Ÿƒ”ğ“ïŠ,5,‹{éƒPŒ´™“¶ƒZƒ“ƒ^[,901-2126,‰Y“Ys‹{é2-4-1,098-876-1895,098-876-1896,,http://www.city.urasoe.okinawa.jp/cgi/jidoc/miyagi/index.cgi,45.2,26.249221,127.707141,,,,62,16,—L,,,,,
•Ÿƒ”ğ“ïŠ,6,‚Ü‚¿‚È‚Æ™“¶ƒZƒ“ƒ^[,901-2131,‰Y“Ys–q`2-38-2,098-873-1898,098-873-1655,,http://www.city.urasoe.okinawa.jp/cgi/jidoc/matinato/index.cgi,6.5,26.263398,127.72455,,,,74,18,–³,,,,,
•Ÿƒ”ğ“ïŠ,7,‰Yé‚Áq™“¶ƒZƒ“ƒ^[,901-2132,‰Y“YsˆÉ‘c2-13-2,098-878-6815,098-870-1369,,http://www.city.urasoe.okinawa.jp/cgi/jidoc/urasiro/index.cgi,28.8,26.253929,127.715499,,,,75,20,—L,,,,,
•Ÿƒ”ğ“ïŠ,8,X‚Ìq™“¶ƒZƒ“ƒ^[,901-2122,‰Y“Ys¨—‹q1-4-1,098-874-7610,098-942-4667,,http://www.city.urasoe.okinawa.jp/cgi/jidoc/morinoko/index.cgi,25.8,26.24251,127.699703,,,,90,18,—L,,,,,
•Ÿƒ”ğ“ïŠ,9,‚¤‚ç‚»‚¦‚®‚·‚­™“¶ƒZƒ“ƒ^[,901-2103,‰Y“Ys’‡ŠÔ2-47-5,098-874-0417,098-874-0370,,http://www.city.urasoe.okinawa.jp/cgi/jidoc/gusuku/index.cgi,94.1,26.245489,127.729312,,,,75,18,—L,,,,,
•Ÿƒ”ğ“ïŠ,10,‹{é‚Áq™“¶ƒZƒ“ƒ^[,901-2126,‰Y“Ys‹{é3-7-3-1,098-870-0227,,,http://www.city.urasoe.okinawa.jp/cgi/jidoc/miyagikko/index.cgi,18,26.247057,127.707029,,,,75,24,—L,,,,,
•Ÿƒ”ğ“ïŠ,11,‘O“cƒ†ƒuƒV‚ª‹u™“¶ƒZƒ“ƒ^[,901-2102,‰Y“Ysš‘O“c323,098-871-1558,,,http://www.city.urasoe.okinawa.jp/cgi/jidoc/maeda/index.cgi,119.1,26.239218,127.735208,,,,75,21,—L,,,,,
’Ã”g”ğ“ïƒrƒ‹,1,‰«“êŒ§Œšİ‰ïŠÙ,901-2131,‰Y“Ys–q`‚T-‚U-‚W,098-876-5211,,,,20,26.268003,127.723761,,,,,,,,‚RŠK,–ñ336–¼,,
’Ã”g”ğ“ïƒrƒ‹,2,–q`ƒhƒ‰ƒCƒrƒ“ƒOƒXƒN[ƒ‹,901-2131,‰Y“Ys–q`‚T-10-‚P,098-879-1774,098-878-4966,,,15,26.268415,127.725889,,,,,,,,‚SŠK,–ñ690–¼,,
’Ã”g”ğ“ïƒrƒ‹,3,‰«“êƒgƒˆƒ^©“®Ô‡Š,901-2122,‰Y“Ys¨—‹q‚S-18-‚P,098-877-2494,,,http://www.okinawa-toyota.co.jp/info.html,13.0ˆÈã,26.243068,127.69099,,,,,,,,‚RŠKˆÈã,–ñ700–¼,,
’Ã”g”ğ“ïƒrƒ‹,4,‰Y“YsY‹ÆU‹»ƒZƒ“ƒ^[EŒ‹‚ÌŠX,901-2122,‰Y“Ys¨—‹q4-13-1,098-870-1123,098-870-1223,,http://yuinomachi.jp/,11.2ˆÈã ,26.246031,127.689837,,,,,,,,‚RŠKˆÈã,–ñ540–¼,,
’Ã”g”ğ“ïƒrƒ‹,5,‰«“êŒ§’†‰›‰µ”„sê,901-2128,‰Y“YsˆÉ“Ş•£1-11-1,098-865-2111,098-865-2180,,http://www.pref.okinawa.jp/site/norin/oroshiuri/,11.7,26.247207,127.669809,,,,,,,,‚RŠK,–ñ440–¼,,
Lˆæ”ğ“ïŠ,1,‰Y“YƒJƒ‹ƒ`ƒƒ[ƒp[ƒN,901-2103,’‡ŠÔ‚P’š–Ú‚X”Ô,,,,,50.0,,,,,,,,,,,,,
Lˆæ”ğ“ïŠ,2,‰Y“Y‰^“®Œö‰€,901-2103,’‡ŠÔ‚P’š–Ú13”Ô,,,,, 50.0ˆÈã,26.251238,127.723415,,,,,,,,,,,
—N…,1,–q`ƒK[,901-2131,‰Y“Ys–q`2-44-1,,,,,,,,,,,,,,,,,,
—N…,2,—§’ÃƒK[,901-2131,‰Y“Ys–q`2-5-10,,,,,,,,,,,,,,,,,,
—N…,3,ƒ[ƒkƒJ[,901-2132,‰Y“YsˆÉ‘c4-13,,,,,,,,,,,,,,,,,,
—N…,4,ƒAƒgƒDƒK[,901-2103,‰Y“Ys’‡ŠÔ1-13,,,,,,,,,,,,,,,,,,
—N…,5,’‡ŠÔ”óì,901-2103,‰Y“Ys’‡ŠÔ2-44,,,,,,,,,,,,,,,,,,
—N…,6,ƒ\[ƒWƒK[,901-2104,‰Y“Ys“–R1-12,,,,,,,,,,,,,,,,,,
—N…,7,ƒEƒtƒJ[,901-2105,‰Y“Ys“–R3-8,,,,,,,,,,,,,,,,,,
—N…,8,ˆä‚Ì‘ålì,901-2102,‰Y“Ysš‘O“c693”Ô’n•t‹ß,,,,,,,,,,,,,,,,,,
—N…,9,ˆÀ”g’ƒ”óì,901-2114,‰Y“YsˆÀ”g’ƒ2-5,,,,,,,,,,,,,,,,,,
—N…,10,ÔMƒK[,901-2114,‰Y“YsˆÀ”g’ƒ3-8,,,,,,,,,,,,,,,,,,
—N…,11,‘Oƒkˆäò,901-2127,‰Y“Ys‰®•x‘c3-1,,,,,,,,,,,,,,,,,,
—N…,12,Œu‚Ì¬Œa,901-2126,‰Y“Ys‹{é1-16,,,,,,,,,,,,,,,,,,
—N…,13,”qŠ,901-2126,‰Y“Ys‹{é2-28,,,,,,,,,,,,,,,,,,
—N…,14,ƒEƒuƒK[,901-2125,‰Y“Ys’‡¼1-10,,,,,,,,,,,,,,,,,,
—N…,15,ˆäŒË,901-2113,‰Y“Ys‘å•½1-2,,,,,,,,,,,,,,,,,,
—N…,16,‘ò›¬”óì,901-2112,‰Y“Ys‘ò›¬1-46,,,,,,,,,,,,,,,,,,
—N…,17,¼Œ´ƒAƒKƒŠƒK[,901-2101,‰Y“Ys¼Œ´‚S’š–Ú‚¤‚ª‚ñ‚â‚ÜŒö‰€,,,,,,,,,,,,,,,,,,
—N…,18,¼Œ´ô‘óƒK[,901-2101,‰Y“Ys¼Œ´‚S’š–Ú‚¤‚ª‚ñ‚â‚ÜŒö‰€,,,,,,,,,,,,,,,,,,
–¯ŠÔ‹¦—Í‹Ù‹}ˆê”ğ“ï{İ,1,ƒTƒ“ƒG[ƒ}ƒ`ƒiƒgƒVƒ‡ƒbƒsƒ“ƒOƒZƒ“ƒ^[,901-2133,‰Y“YséŠÔ2008-1”Ô’n,098-879-4111,,,http://www.san-a.co.jp/store/shopping-center/post-67.html,,26.261212,127.710949,,,,,,,,‚PŠK‚Ä‚¾ƒR[ƒgA’“Ôê400‘ä•ª,336,9:00`24:00,‚PŠK‘“¹‚T‚W†ü
–¯ŠÔ‹¦—Í‹Ù‹}ˆê”ğ“ï{İ,2,ƒTƒ“ƒG[Œo’ËƒVƒeƒB,901-2111,‰Y“YsŒo’Ë652”Ô1,098-871-3333,,,http://www.san-a.co.jp/store/shopping-center/post-28.html,,26.237584,127.722674,,,,,,,,‚PŠK’†‰›ƒR[ƒgA’“Ôê1250‘ä•ª,700,9:00`24:00,’n‰ºŒ§“¹‚P‚T‚R†ü‘¤A‚PŠKiH•iŠÙ“üŒûA“dŠíŠÙ‘¤“üŒûj
–¯ŠÔ‹¦—Í‹Ù‹}ˆê”ğ“ï{İ,3,“Æ—§s­–@l‘Û‹¦—Í‹@\‰«“ê‘ÛƒZƒ“ƒ^[,901-2102 ,‰Y“Ys‘O“c1143”Ô’n1,098-876-6000,,,http://www.jica.go.jp/okinawa/,,26.23807 ,127.731368,,,,,,,,‘ÌˆçŠÙAƒOƒ‰ƒEƒ“ƒhAƒeƒjƒXƒR[ƒg,382,,ŠÖŒWÒ“üŒû
